"SubjID","ChoiceSet","Condition","PropOptimal","RT"
1,"AB","Losses",0.13,3292.36
1,"CD","Losses",0.8,1673.88
1,"CA","Losses",0.88,4328.68
1,"CB","Losses",0.68,3409.96
1,"AD","Losses",0.36,1877.16
1,"BD","Losses",0.68,4112.72
2,"AB","LossesEF",0.53,1248.1
2,"CD","LossesEF",0.38,2800.64
2,"CA","LossesEF",0.84,1099.16
2,"CB","LossesEF",0.8,1081.56
2,"AD","LossesEF",0.24,1408.08
2,"BD","LossesEF",0.12,1184.08
3,"AB","LossesEF",0.23,1108.12
3,"CD","LossesEF",0.22,1661.86
3,"CA","LossesEF",1,1011.8
3,"CB","LossesEF",0.96,1303.76
3,"AD","LossesEF",0,958.92
3,"BD","LossesEF",0,1399.88
4,"AB","Gains",0.73,991.2
4,"CD","Gains",0.8,1035.64
4,"CA","Gains",0.96,774.88
4,"CB","Gains",0.96,987.24
4,"AD","Gains",1,1125.48
4,"BD","Gains",0.76,1073.28
5,"AB","Losses",0.61,875.1
5,"CD","Losses",0.68,845.52
5,"CA","Losses",0.56,775.96
5,"CB","Losses",0.48,784.36
5,"AD","Losses",0.52,622.56
5,"BD","Losses",0.68,744.72
6,"AB","GainsEF",0.666666666666667,942.84
6,"CD","GainsEF",0.56,1016.29333333333
6,"CA","GainsEF",0.04,861.76
6,"CB","GainsEF",0.16,1085
6,"AD","GainsEF",0.88,705.64
6,"BD","GainsEF",0.76,837.32
7,"AB","GainsEF",0.706666666666667,978.266666666667
7,"CD","GainsEF",0.68,1025.89333333333
7,"CA","GainsEF",0.68,924.56
7,"CB","GainsEF",0.64,861.12
7,"AD","GainsEF",0.44,954.84
7,"BD","GainsEF",0.6,1098.32
8,"AB","Losses",0.86,1404.07
8,"CD","Losses",0.7,1150.62
8,"CA","Losses",0.76,2587.52
8,"CB","Losses",0.68,2261.4
8,"AD","Losses",1,1670
8,"BD","Losses",1,1577.8
9,"AB","GainsEF",0.746666666666667,1246.48
9,"CD","GainsEF",0.706666666666667,1097.74666666667
9,"CA","GainsEF",0.72,1328.68
9,"CB","GainsEF",0.88,1483.52
9,"AD","GainsEF",0.76,2610.6
9,"BD","GainsEF",0.92,1290.64
10,"AB","GainsEF",0.826666666666667,1213.05333333333
10,"CD","GainsEF",0.733333333333333,1377.45333333333
10,"CA","GainsEF",0.92,1887.44
10,"CB","GainsEF",1,1440.56
10,"AD","GainsEF",0.92,1807.4
10,"BD","GainsEF",0,1384.12
11,"AB","LossesEF",0.6,849.95
11,"CD","LossesEF",0.62,1045.8
11,"CA","LossesEF",0.56,1011.6
11,"CB","LossesEF",0.96,1350.48
11,"AD","LossesEF",0.8,1014.4
11,"BD","LossesEF",0.52,1162.48
12,"AB","GainsEF",0.746666666666667,890.026666666667
12,"CD","GainsEF",0.666666666666667,1062.46666666667
12,"CA","GainsEF",0.32,1146.36
12,"CB","GainsEF",1,953.8
12,"AD","GainsEF",0.68,867.28
12,"BD","GainsEF",0.12,1192.72
13,"AB","Gains",0.71,992.04
13,"CD","Gains",0.24,951.88
13,"CA","Gains",0.36,1747.76
13,"CB","Gains",0.48,1361.16
13,"AD","Gains",0.28,1646.24
13,"BD","Gains",0.24,1371.72
14,"AB","Gains",0.42,1204.44
14,"CD","Gains",0.34,1123.48
14,"CA","Gains",0.28,1685.08
14,"CB","Gains",0.12,1111.84
14,"AD","Gains",0.36,1210.28
14,"BD","Gains",0.72,1087.72
15,"AB","LossesEF",0.2,1041.2
15,"CD","LossesEF",0.48,1134.34
15,"CA","LossesEF",0.92,1306.12
15,"CB","LossesEF",0,913.72
15,"AD","LossesEF",0,994.2
15,"BD","LossesEF",1,771.88
16,"AB","LossesEF",0.19,1140.59
16,"CD","LossesEF",0.78,1379.26
16,"CA","LossesEF",0.96,4051.76
16,"CB","LossesEF",0.72,938
16,"AD","LossesEF",0.12,1402.96
16,"BD","LossesEF",0.4,1104.92
17,"AB","GainsEF",0.92,1021.82666666667
17,"CD","GainsEF",0.933333333333333,1025.26666666667
17,"CA","GainsEF",0.72,1291.48
17,"CB","GainsEF",1,1042.68
17,"AD","GainsEF",0.88,1044.4
17,"BD","GainsEF",0,1397.6
18,"AB","Gains",0.4,1134.57
18,"CD","Gains",0.36,1159.68
18,"CA","Gains",0,1459.32
18,"CB","Gains",0.04,1873.2
18,"AD","Gains",0.96,1464.6
18,"BD","Gains",0.84,1589.32
19,"AB","Losses",0.37,1499.67
19,"CD","Losses",0.74,1338.92
19,"CA","Losses",0.52,987.08
19,"CB","Losses",0.4,1262.44
19,"AD","Losses",0.48,1204.88
19,"BD","Losses",0.6,1238.32
20,"AB","Gains",0.73,1404.87
20,"CD","Gains",0.9,1401.28
20,"CA","Gains",0,1371.8
20,"CB","Gains",0.88,1563.2
20,"AD","Gains",1,1107.04
20,"BD","Gains",1,1564.48
21,"AB","Losses",0.64,2024.15
21,"CD","Losses",0.58,2342.76
21,"CA","Losses",0,1411.28
21,"CB","Losses",1,1305.16
21,"AD","Losses",1,1178.4
21,"BD","Losses",0,1291.92
22,"AB","Losses",0.47,1116.41
22,"CD","Losses",0.48,1255.1
22,"CA","Losses",0.04,1667.76
22,"CB","Losses",0,1468.44
22,"AD","Losses",0.2,1760.72
22,"BD","Losses",0.12,1463.92
23,"AB","LossesEF",0.43,1211.72
23,"CD","LossesEF",0.88,1292.72
23,"CA","LossesEF",0.12,2593.64
23,"CB","LossesEF",1,4639
23,"AD","LossesEF",0.88,3856.16
23,"BD","LossesEF",0.2,1642.72
24,"AB","Losses",0.47,1137.92
24,"CD","Losses",0.64,1500.58
24,"CA","Losses",0.48,5005.08
24,"CB","Losses",0.36,1748.12
24,"AD","Losses",0.76,2679.48
24,"BD","Losses",0.48,1382.48
25,"AB","GainsEF",0.746666666666667,1514.50666666667
25,"CD","GainsEF",0.786666666666667,1244.44
25,"CA","GainsEF",0.2,2959.2
25,"CB","GainsEF",1,1856.64
25,"AD","GainsEF",1,1747.8
25,"BD","GainsEF",0.4,3360.8
26,"AB","Losses",0.49,946.07
26,"CD","Losses",0.48,929.44
26,"CA","Losses",0.4,1058.52
26,"CB","Losses",0.56,1233.8
26,"AD","Losses",0.24,860.2
26,"BD","Losses",0.44,1719.76
27,"AB","Gains",0.97,1205.41
27,"CD","Gains",0.94,1346.8
27,"CA","Gains",0.08,1464.92
27,"CB","Gains",1,850.4
27,"AD","Gains",1,1034.88
27,"BD","Gains",0,1415.92
28,"AB","LossesEF",0.78,1169.75
28,"CD","LossesEF",0.8,1342.42
28,"CA","LossesEF",0.12,1622.12
28,"CB","LossesEF",1,1484.84
28,"AD","LossesEF",0.96,1016.08
28,"BD","LossesEF",0.24,2141.04
29,"AB","LossesEF",0.85,922.17
29,"CD","LossesEF",0.74,1041.12
29,"CA","LossesEF",0.56,926.2
29,"CB","LossesEF",0.72,1158.04
29,"AD","LossesEF",1,996.04
29,"BD","LossesEF",1,1183.6
30,"AB","GainsEF",0.626666666666667,1381.96
30,"CD","GainsEF",0.506666666666667,1158.97333333333
30,"CA","GainsEF",0.76,1236.48
30,"CB","GainsEF",0.32,1350.36
30,"AD","GainsEF",0.32,1439.16
30,"BD","GainsEF",0.76,1294.2
31,"AB","Losses",0.66,1461.07
31,"CD","Losses",0.68,1553.4
31,"CA","Losses",0.44,1292.8
31,"CB","Losses",0.76,1381.28
31,"AD","Losses",0.64,1458.84
31,"BD","Losses",0.64,1448.52
32,"AB","Gains",0.8,862.29
32,"CD","Gains",0.94,1041.92
32,"CA","Gains",0.04,1212.68
32,"CB","Gains",0.84,1348.68
32,"AD","Gains",1,879.12
32,"BD","Gains",1,1322.36
33,"AB","Losses",0.36,1057.31
33,"CD","Losses",0.44,1203.28
33,"CA","Losses",0.36,930.96
33,"CB","Losses",0.28,858.56
33,"AD","Losses",0.4,905.16
33,"BD","Losses",0.44,773.56
34,"AB","LossesEF",0.79,1055.11
34,"CD","LossesEF",0.72,1406.42
34,"CA","LossesEF",0.04,1651.6
34,"CB","LossesEF",0.92,1743.48
34,"AD","LossesEF",1,1430.64
34,"BD","LossesEF",0.88,2371.48
35,"AB","GainsEF",0.4,1659.04
35,"CD","GainsEF",0.626666666666667,1501.58666666667
35,"CA","GainsEF",0.4,1015.48
35,"CB","GainsEF",0.52,979.24
35,"AD","GainsEF",0.44,759.28
35,"BD","GainsEF",0.56,892.88
36,"AB","Losses",0.65,1190.84
36,"CD","Losses",0.56,1563.68
36,"CA","Losses",0.4,893.84
36,"CB","Losses",0.56,1784.28
36,"AD","Losses",0.72,936.48
36,"BD","Losses",0.68,1183.52
37,"AB","GainsEF",0.613333333333333,1052.16
37,"CD","GainsEF",0.453333333333333,1060.4
37,"CA","GainsEF",0.04,1547.04
37,"CB","GainsEF",1,1242.12
37,"AD","GainsEF",0.08,1561.92
37,"BD","GainsEF",0,1178.28
38,"AB","GainsEF",0.506666666666667,1074.50666666667
38,"CD","GainsEF",0.626666666666667,1079.65333333333
38,"CA","GainsEF",0.76,1087.44
38,"CB","GainsEF",0.76,1064.52
38,"AD","GainsEF",0.12,963.84
38,"BD","GainsEF",0.16,1276.4
39,"AB","GainsEF",0.893333333333333,1083.77333333333
39,"CD","GainsEF",0.933333333333333,1098.10666666667
39,"CA","GainsEF",1,781.44
39,"CB","GainsEF",1,635.88
39,"AD","GainsEF",1,1081.16
39,"BD","GainsEF",1,1068
40,"AB","LossesEF",0.46,1486.25
40,"CD","LossesEF",0.62,1544.22
40,"CA","LossesEF",0.96,1088.36
40,"CB","LossesEF",0.96,1323.68
40,"AD","LossesEF",0,713.4
40,"BD","LossesEF",0.08,1035.96
41,"AB","GainsEF",0.706666666666667,1123.64
41,"CD","GainsEF",0.573333333333333,1329.84
41,"CA","GainsEF",0.52,1639.76
41,"CB","GainsEF",0.52,1497.16
41,"AD","GainsEF",0.44,1248.88
41,"BD","GainsEF",0.6,1568.12
42,"AB","Gains",1,733.31
42,"CD","Gains",0,1704.98
42,"CA","Gains",0.2,714.6
42,"CB","Gains",0.24,838
42,"AD","Gains",0.68,873.72
42,"BD","Gains",0.68,921.84
43,"AB","Gains",0.83,1545.44
43,"CD","Gains",0.28,1967
43,"CA","Gains",0.48,3860.76
43,"CB","Gains",0.48,1944.24
43,"AD","Gains",0.32,2629.44
43,"BD","Gains",0.2,2052.08
44,"AB","GainsEF",0.946666666666667,1031.74666666667
44,"CD","GainsEF",0.946666666666667,1257.77333333333
44,"CA","GainsEF",1,2658.44
44,"CB","GainsEF",1,1362.96
44,"AD","GainsEF",1,2533.04
44,"BD","GainsEF",0,2868.32
45,"AB","LossesEF",0.68,1053.57
45,"CD","LossesEF",0.6,1194.12
45,"CA","LossesEF",0.04,840.8
45,"CB","LossesEF",0.76,1416.2
45,"AD","LossesEF",1,836.96
45,"BD","LossesEF",1,984.76
46,"AB","Losses",0.6,925.85
46,"CD","Losses",0.68,1242.5
46,"CA","Losses",0.08,718.32
46,"CB","Losses",0.08,815.2
46,"AD","Losses",0.92,647.16
46,"BD","Losses",0.92,695.52
47,"AB","GainsEF",0.853333333333333,1190.96
47,"CD","GainsEF",0.92,1058.12
47,"CA","GainsEF",0.04,1813.84
47,"CB","GainsEF",1,1839.2
47,"AD","GainsEF",1,1224.72
47,"BD","GainsEF",0.64,2120.72
48,"AB","GainsEF",0.786666666666667,941.946666666667
48,"CD","GainsEF",0.493333333333333,970.053333333333
48,"CA","GainsEF",0,846.8
48,"CB","GainsEF",0.08,930.36
48,"AD","GainsEF",0.88,688.16
48,"BD","GainsEF",0.92,1073.64
49,"AB","LossesEF",0.52,2084.78
49,"CD","LossesEF",0.48,3012
49,"CA","LossesEF",0.32,2074.96
49,"CB","LossesEF",0.6,2249.72
49,"AD","LossesEF",0.64,2299.96
49,"BD","LossesEF",0.72,2019.8
50,"AB","GainsEF",0.64,1114.37333333333
50,"CD","GainsEF",0.666666666666667,1096.24
50,"CA","GainsEF",0.36,763.36
50,"CB","GainsEF",0.52,1009.28
50,"AD","GainsEF",0.72,994
50,"BD","GainsEF",0.68,1182.64
51,"AB","Gains",0.7,755.06
51,"CD","Gains",0.78,843.2
51,"CA","Gains",0.52,868.08
51,"CB","Gains",0.84,939.6
51,"AD","Gains",0.92,777.44
51,"BD","Gains",0.88,1418.88
52,"AB","LossesEF",0.23,1031.57
52,"CD","LossesEF",0.2,1115.18
52,"CA","LossesEF",0.04,746.96
52,"CB","LossesEF",0.08,966.64
52,"AD","LossesEF",0.96,925.2
52,"BD","LossesEF",1,782.6
53,"AB","Gains",0.28,1167.28
53,"CD","Gains",0.32,1410.06
53,"CA","Gains",0.76,2257.96
53,"CB","Gains",0.76,3008.6
53,"AD","Gains",0.28,3501.52
53,"BD","Gains",0.12,2068.04
54,"AB","LossesEF",0.59,1918.94
54,"CD","LossesEF",0.78,2509.22
54,"CA","LossesEF",0.48,1510.04
54,"CB","LossesEF",0.32,986.96
54,"AD","LossesEF",0.72,1296
54,"BD","LossesEF",0.68,1125.72
55,"AB","Losses",0.45,3919.6
55,"CD","Losses",0.54,5291.06
55,"CA","Losses",0.8,1205.04
55,"CB","Losses",0.68,1729.2
55,"AD","Losses",0.64,1411.52
55,"BD","Losses",0.92,1730.2
56,"AB","Gains",0.44,721.86
56,"CD","Gains",0.6,926.28
56,"CA","Gains",0.2,725.6
56,"CB","Gains",0.56,727.6
56,"AD","Gains",0.52,662.28
56,"BD","Gains",0.4,697.8
57,"AB","LossesEF",0.36,3214.06
57,"CD","LossesEF",0.8,1479.7
57,"CA","LossesEF",0.92,1125.72
57,"CB","LossesEF",0.68,1445.52
57,"AD","LossesEF",0.64,1728.8
57,"BD","LossesEF",0.96,1784.4
58,"AB","Losses",0.9,942.96
58,"CD","Losses",0.8,1043.68
58,"CA","Losses",0.24,1079.8
58,"CB","Losses",0.64,1682.36
58,"AD","Losses",0.64,1331.12
58,"BD","Losses",0.48,1006.92
59,"AB","Losses",0.57,1794.12
59,"CD","Losses",0.72,2020.32
59,"CA","Losses",0.72,1792.28
59,"CB","Losses",1,2183.2
59,"AD","Losses",1,3690.12
59,"BD","Losses",0.24,1958.04
60,"AB","Losses",0.47,1549.23
60,"CD","Losses",0.64,1536.5
60,"CA","Losses",0.8,1425.24
60,"CB","Losses",0.84,1510.32
60,"AD","Losses",0.36,1788.88
60,"BD","Losses",0.52,1269.6
61,"AB","LossesEF",0.73,1033.86
61,"CD","LossesEF",0.72,1047.32
61,"CA","LossesEF",0.92,1678.16
61,"CB","LossesEF",1,1038.32
61,"AD","LossesEF",1,995.24
61,"BD","LossesEF",0.08,1691.88
62,"AB","Gains",0.42,1301.3
62,"CD","Gains",0.48,1206.3
62,"CA","Gains",0.52,1694.12
62,"CB","Gains",0.44,1374.04
62,"AD","Gains",0.52,3776.36
62,"BD","Gains",0.52,898.08
63,"AB","Gains",0.9,1561.1
63,"CD","Gains",0.96,1659.08
63,"CA","Gains",0.96,836.52
63,"CB","Gains",0.76,916.08
63,"AD","Gains",1,1266.72
63,"BD","Gains",1,1298.68
64,"AB","Gains",0.96,1011.86
64,"CD","Gains",0.92,1007.62
64,"CA","Gains",0.08,1179.6
64,"CB","Gains",1,1241.28
64,"AD","Gains",1,1357.28
64,"BD","Gains",0.04,1881.88
65,"AB","GainsEF",0.44,1081.10666666667
65,"CD","GainsEF",0.4,1128.02666666667
65,"CA","GainsEF",0.28,908.64
65,"CB","GainsEF",0.44,1017.48
65,"AD","GainsEF",0.64,901.64
65,"BD","GainsEF",0.4,919.72
66,"AB","Gains",0,800.66
66,"CD","Gains",1,1018.44
66,"CA","Gains",0.08,885.44
66,"CB","Gains",0,797.36
66,"AD","Gains",1,872.8
66,"BD","Gains",0.96,899.32
67,"AB","LossesEF",0.67,1015.36
67,"CD","LossesEF",0.58,1484.28
67,"CA","LossesEF",0.68,750.72
67,"CB","LossesEF",0.68,960.28
67,"AD","LossesEF",0.32,831.64
67,"BD","LossesEF",0.36,735.04
68,"AB","GainsEF",0.626666666666667,1507.21333333333
68,"CD","GainsEF",0.466666666666667,1670.77333333333
68,"CA","GainsEF",0.52,1192.32
68,"CB","GainsEF",0.52,1626.92
68,"AD","GainsEF",0.48,1399.36
68,"BD","GainsEF",0.44,1428.44
69,"AB","LossesEF",0.71,1307.6
69,"CD","LossesEF",0.58,1261.06
69,"CA","LossesEF",0.04,937.16
69,"CB","LossesEF",0.48,1331.84
69,"AD","LossesEF",1,912.4
69,"BD","LossesEF",0.44,1250.84
70,"AB","Losses",0.77,951.34
70,"CD","Losses",0.8,1133.18
70,"CA","Losses",0.92,909.8
70,"CB","Losses",1,1096.08
70,"AD","Losses",1,1081.56
70,"BD","Losses",0.88,1347
71,"AB","GainsEF",0.453333333333333,981.986666666667
71,"CD","GainsEF",0.626666666666667,983.72
71,"CA","GainsEF",0.44,1181.24
71,"CB","GainsEF",0.84,1017.68
71,"AD","GainsEF",0.76,1419.92
71,"BD","GainsEF",0.16,1494.24
72,"AB","Losses",0.59,1195.38
72,"CD","Losses",0.4,1341.76
72,"CA","Losses",0.08,1181.84
72,"CB","Losses",0.92,1599.08
72,"AD","Losses",0.92,1499.56
72,"BD","Losses",0.4,1918.32
73,"AB","LossesEF",0.84,1285.62
73,"CD","LossesEF",0.16,1293.38
73,"CA","LossesEF",0.04,925.08
73,"CB","LossesEF",1,1204.12
73,"AD","LossesEF",0.76,847.8
73,"BD","LossesEF",0,1005.4
74,"AB","Gains",0.21,1210.58
74,"CD","Gains",0.1,965.52
74,"CA","Gains",0.92,1061.56
74,"CB","Gains",0.12,1153.16
74,"AD","Gains",0.08,720.52
74,"BD","Gains",0.8,935.96
75,"AB","LossesEF",0.3,1405.92
75,"CD","LossesEF",0.68,1311.8
75,"CA","LossesEF",0,1649.6
75,"CB","LossesEF",1,2062.6
75,"AD","LossesEF",1,3246.8
75,"BD","LossesEF",0,1884.92
76,"AB","Losses",0.04,1723.81
76,"CD","Losses",0.06,1640.72
76,"CA","Losses",0.44,2276.24
76,"CB","Losses",0.12,899.2
76,"AD","Losses",0.4,1826.56
76,"BD","Losses",0.44,1611.68
77,"AB","GainsEF",0.533333333333333,862.226666666667
77,"CD","GainsEF",0.933333333333333,932.773333333333
77,"CA","GainsEF",0.96,1409.2
77,"CB","GainsEF",1,1233.28
77,"AD","GainsEF",1,1745.2
77,"BD","GainsEF",1,1425.8
78,"AB","Losses",0.75,3072.4
78,"CD","Losses",0.8,1447.42
78,"CA","Losses",0.76,1109.92
78,"CB","Losses",0.76,1349.68
78,"AD","Losses",0.24,1372.88
78,"BD","Losses",0.56,1574.72
79,"AB","Gains",0.64,2075.59
79,"CD","Gains",0.64,2786.12
79,"CA","Gains",0.92,1072.76
79,"CB","Gains",0.88,1615.04
79,"AD","Gains",1,1288.28
79,"BD","Gains",1,1225.64
80,"AB","GainsEF",1,1229.66666666667
80,"CD","GainsEF",0,1145.90666666667
80,"CA","GainsEF",0,1362.12
80,"CB","GainsEF",1,1640.48
80,"AD","GainsEF",1,1460.08
80,"BD","GainsEF",0,1178.04
81,"AB","Gains",0.68,1643.02
81,"CD","Gains",0.64,1478
81,"CA","Gains",0,1825.96
81,"CB","Gains",0.04,1065.08
81,"AD","Gains",0.88,1013.64
81,"BD","Gains",0.92,1871.36
82,"AB","GainsEF",0.573333333333333,1123.46666666667
82,"CD","GainsEF",0.786666666666667,1212.81333333333
82,"CA","GainsEF",0.52,940.52
82,"CB","GainsEF",0.64,1108.28
82,"AD","GainsEF",0.88,1083.88
82,"BD","GainsEF",0.64,1382.6
83,"AB","GainsEF",0.653333333333333,943.866666666667
83,"CD","GainsEF",0.666666666666667,1013.85333333333
83,"CA","GainsEF",0.4,1250.48
83,"CB","GainsEF",0.88,1361.08
83,"AD","GainsEF",0.84,1089.96
83,"BD","GainsEF",0.64,1549.16
84,"AB","GainsEF",0.68,1166.52
84,"CD","GainsEF",0.693333333333333,1259.89333333333
84,"CA","GainsEF",0.24,1170.6
84,"CB","GainsEF",0.28,1086.08
84,"AD","GainsEF",0.6,1265.36
84,"BD","GainsEF",0.84,1008.44
85,"AB","Gains",0.76,1454.1
85,"CD","Gains",0.86,1681.4
85,"CA","Gains",0.64,1267.2
85,"CB","Gains",1,1344.32
85,"AD","Gains",0.8,1452.4
85,"BD","Gains",0.24,1613.88
86,"AB","LossesEF",0.61,1842.7
86,"CD","LossesEF",0.5,2339.6
86,"CA","LossesEF",0.68,1271.6
86,"CB","LossesEF",0.48,1074.36
86,"AD","LossesEF",0.68,1290.2
86,"BD","LossesEF",0.36,1412.2
87,"AB","LossesEF",0.63,1331.49
87,"CD","LossesEF",0.36,1236.02
87,"CA","LossesEF",0.48,1327.36
87,"CB","LossesEF",0.76,1468.48
87,"AD","LossesEF",0.4,1257.64
87,"BD","LossesEF",0.36,1340.12
88,"AB","GainsEF",0.706666666666667,1267.30666666667
88,"CD","GainsEF",0.853333333333333,1139.56
88,"CA","GainsEF",0.8,1337.52
88,"CB","GainsEF",1,1104.2
88,"AD","GainsEF",0.68,1207.32
88,"BD","GainsEF",0,1182.56
89,"AB","LossesEF",0.53,1192.4
89,"CD","LossesEF",0.38,1819.6
89,"CA","LossesEF",0.28,1246.72
89,"CB","LossesEF",0.52,1535.84
89,"AD","LossesEF",0.52,1030.2
89,"BD","LossesEF",0.2,1432.68
90,"AB","Losses",0.62,1076.64
90,"CD","Losses",0.54,1165.06
90,"CA","Losses",0.2,856.76
90,"CB","Losses",0.72,1348.88
90,"AD","Losses",0.84,982.44
90,"BD","Losses",0.56,1270.6
91,"AB","LossesEF",0.65,810.07
91,"CD","LossesEF",0.52,930.4
91,"CA","LossesEF",0,1133.56
91,"CB","LossesEF",1,1078.36
91,"AD","LossesEF",1,1137.24
91,"BD","LossesEF",0,1563.64
92,"AB","LossesEF",0.64,872.08
92,"CD","LossesEF",0.84,1093.16
92,"CA","LossesEF",0.96,1436.84
92,"CB","LossesEF",1,1045.32
92,"AD","LossesEF",1,771.32
92,"BD","LossesEF",1,921.56
93,"AB","Gains",0.47,1160.17
93,"CD","Gains",0.56,1058.6
93,"CA","Gains",0.76,1485.24
93,"CB","Gains",0.92,921.92
93,"AD","Gains",0.8,1160.64
93,"BD","Gains",0.16,1164.36
94,"AB","Losses",0.63,1338.63
94,"CD","Losses",0.86,1384.26
94,"CA","Losses",0.08,1281.44
94,"CB","Losses",1,1386.8
94,"AD","Losses",1,1209.96
94,"BD","Losses",0,1687.96
95,"AB","Losses",0.7,1393.51
95,"CD","Losses",0.7,1685.58
95,"CA","Losses",0.96,1447.4
95,"CB","Losses",1,1759.56
95,"AD","Losses",1,1412.52
95,"BD","Losses",0.96,1722.4
96,"AB","LossesEF",0.58,1008.17
96,"CD","LossesEF",0.7,1231.82
96,"CA","LossesEF",0.88,1724.84
96,"CB","LossesEF",1,2980.2
96,"AD","LossesEF",0.44,1969.32
96,"BD","LossesEF",0.08,2198.92
97,"AB","LossesEF",0.7,951.89
97,"CD","LossesEF",0.3,1072.74
97,"CA","LossesEF",0,642.96
97,"CB","LossesEF",0.04,692.36
97,"AD","LossesEF",0.92,691.28
97,"BD","LossesEF",0.88,729.76
98,"AB","LossesEF",0.86,977.67
98,"CD","LossesEF",0.48,1311.4
98,"CA","LossesEF",0.08,1196.68
98,"CB","LossesEF",0.88,1474.16
98,"AD","LossesEF",1,1109.16
98,"BD","LossesEF",1,1375.52
99,"AB","LossesEF",0.27,1175.02
99,"CD","LossesEF",0.44,1449.74
99,"CA","LossesEF",1,1157.16
99,"CB","LossesEF",0.96,1172.96
99,"AD","LossesEF",0,1521.88
99,"BD","LossesEF",1,1360.8
100,"AB","Gains",0.75,1070.45
100,"CD","Gains",0.66,1332.7
100,"CA","Gains",0.04,1833.08
100,"CB","Gains",0.92,1879.28
100,"AD","Gains",1,1128
100,"BD","Gains",1,2172.64
101,"AB","Losses",0.53,2872.43
101,"CD","Losses",0.46,3670.06
101,"CA","Losses",0.88,1520.2
101,"CB","Losses",0.96,1578.4
101,"AD","Losses",0.92,1520.76
101,"BD","Losses",0.12,1729.16
102,"AB","LossesEF",0.57,1517.32
102,"CD","LossesEF",0.42,1588.18
102,"CA","LossesEF",0.2,2009.52
102,"CB","LossesEF",0.56,1652
102,"AD","LossesEF",0.48,2161.96
102,"BD","LossesEF",0.28,2003.28
103,"AB","GainsEF",0.853333333333333,850.32
103,"CD","GainsEF",0.466666666666667,1079.34666666667
103,"CA","GainsEF",0.96,809.08
103,"CB","GainsEF",1,950.28
103,"AD","GainsEF",0.08,803.6
103,"BD","GainsEF",0,807.76
104,"AB","GainsEF",0.666666666666667,1538.25333333333
104,"CD","GainsEF",0.546666666666667,1517.57333333333
104,"CA","GainsEF",0.44,1667.32
104,"CB","GainsEF",0.72,1471.48
104,"AD","GainsEF",1,1401.96
104,"BD","GainsEF",0.8,1427.12
105,"AB","Gains",0.7,1357.73
105,"CD","Gains",0.6,1451.38
105,"CA","Gains",0,752.92
105,"CB","Gains",0.96,1537.64
105,"AD","Gains",1,862.92
105,"BD","Gains",1,1370.52
106,"AB","Gains",0.35,849.49
106,"CD","Gains",0.68,1166.14
106,"CA","Gains",0.04,815.16
106,"CB","Gains",0.04,685.92
106,"AD","Gains",0.88,712.36
106,"BD","Gains",0.96,697
107,"AB","LossesEF",0.75,2173.11
107,"CD","LossesEF",0.66,2579.32
107,"CA","LossesEF",1,712.96
107,"CB","LossesEF",1,701.32
107,"AD","LossesEF",0.88,927.48
107,"BD","LossesEF",0.76,1073
108,"AB","Gains",0.76,1176.96
108,"CD","Gains",0.76,1261.62
108,"CA","Gains",0.84,1110.84
108,"CB","Gains",1,1340.84
108,"AD","Gains",0.32,1137.48
108,"BD","Gains",0,903.52
109,"AB","Losses",0.85,1093.37
109,"CD","Losses",0.76,1189.16
109,"CA","Losses",1,1201.72
109,"CB","Losses",1,1326.52
109,"AD","Losses",0.88,1387.28
109,"BD","Losses",0,1328.28
110,"AB","LossesEF",0.51,2471.76
110,"CD","LossesEF",0.74,2524.6
110,"CA","LossesEF",0.44,2231.04
110,"CB","LossesEF",0.36,1313.32
110,"AD","LossesEF",0.56,1882.8
110,"BD","LossesEF",0.84,2018.28
111,"AB","Gains",0.89,1048.26
111,"CD","Gains",0.92,1200.46
111,"CA","Gains",0.96,1984.08
111,"CB","Gains",1,1861.68
111,"AD","Gains",1,1859.8
111,"BD","Gains",1,2269.2
112,"AB","Losses",0.94,1073.03
112,"CD","Losses",0.86,1118.24
112,"CA","Losses",0.84,1382.48
112,"CB","Losses",1,1144.72
112,"AD","Losses",0.92,1382.24
112,"BD","Losses",0,1505.8
113,"AB","LossesEF",0.63,1334.18
113,"CD","LossesEF",0.32,1252.7
113,"CA","LossesEF",0.8,1175.08
113,"CB","LossesEF",0.4,1299.96
113,"AD","LossesEF",0.2,924.8
113,"BD","LossesEF",0.56,1162.4
114,"AB","LossesEF",0.11,1161.35
114,"CD","LossesEF",0.86,1047.98
114,"CA","LossesEF",0.72,913.44
114,"CB","LossesEF",0.56,734.16
114,"AD","LossesEF",0.56,1064.52
114,"BD","LossesEF",0.6,1085.32
115,"AB","LossesEF",0.43,1217.57
115,"CD","LossesEF",0.52,1406.5
115,"CA","LossesEF",0.88,1256.4
115,"CB","LossesEF",0.96,1179.52
115,"AD","LossesEF",0.92,1427.6
115,"BD","LossesEF",0.12,1528.08
116,"AB","Gains",0.84,993.72
116,"CD","Gains",0.9,1258.5
116,"CA","Gains",0.12,929.36
116,"CB","Gains",0.08,852.68
116,"AD","Gains",0.68,1052.24
116,"BD","Gains",0.76,849.16
117,"AB","GainsEF",0.613333333333333,2046.88
117,"CD","GainsEF",0.613333333333333,1839.24
117,"CA","GainsEF",0.12,1291.12
117,"CB","GainsEF",0.96,1395.72
117,"AD","GainsEF",0.84,1225.32
117,"BD","GainsEF",0.04,1174.92
118,"AB","Losses",0.57,1940.08
118,"CD","Losses",0.48,2332.38
118,"CA","Losses",0.44,2612.56
118,"CB","Losses",0.48,2823.16
118,"AD","Losses",0.52,2870.72
118,"BD","Losses",0.6,2680.96
119,"AB","GainsEF",0.293333333333333,993.706666666667
119,"CD","GainsEF",0.626666666666667,838.226666666667
119,"CA","GainsEF",0.8,865.96
119,"CB","GainsEF",0.6,928.12
119,"AD","GainsEF",0.36,1071.92
119,"BD","GainsEF",0.8,740.8
120,"AB","Losses",0.85,2319.71
120,"CD","Losses",0.32,2464.86
120,"CA","Losses",0.48,1125.72
120,"CB","Losses",0.84,1425.36
120,"AD","Losses",0.44,832.12
120,"BD","Losses",0.32,1115.12
121,"AB","Losses",0.21,1994.97
121,"CD","Losses",0.26,1533
121,"CA","Losses",0.36,925.28
121,"CB","Losses",0.08,641.12
121,"AD","Losses",0.56,992.4
121,"BD","Losses",0.76,634.68
122,"AB","Losses",0.55,2109.06
122,"CD","Losses",0.52,2630.48
122,"CA","Losses",0.6,11304.12
122,"CB","Losses",0.36,4449.68
122,"AD","Losses",0.52,2339.52
122,"BD","Losses",0.32,2697.04
123,"AB","Gains",0.1,809.7
123,"CD","Gains",0.92,983.34
123,"CA","Gains",0.2,1176.44
123,"CB","Gains",0.2,843.96
123,"AD","Gains",0.76,1163.68
123,"BD","Gains",0.84,1243.28
124,"AB","LossesEF",0.57,1897.46
124,"CD","LossesEF",0.46,2257.36
124,"CA","LossesEF",0.6,2062.88
124,"CB","LossesEF",0.64,2431.2
124,"AD","LossesEF",0.4,2257.24
124,"BD","LossesEF",0.52,2776.12
125,"AB","Losses",0.62,1311.37
125,"CD","Losses",0.56,1580.24
125,"CA","Losses",0.08,1593.16
125,"CB","Losses",0.2,1416.04
125,"AD","Losses",0.48,2004.56
125,"BD","Losses",0.56,1429.76
126,"AB","Losses",0.58,1846.84
126,"CD","Losses",0.9,1995.02
126,"CA","Losses",0.88,952.76
126,"CB","Losses",1,1008.32
126,"AD","Losses",0.16,953.72
126,"BD","Losses",0,1002.68
127,"AB","GainsEF",0.866666666666667,1295.56
127,"CD","GainsEF",0.92,1197
127,"CA","GainsEF",0,1902
127,"CB","GainsEF",1,1635.04
127,"AD","GainsEF",1,1503.04
127,"BD","GainsEF",1,1759.64
128,"AB","Losses",0.6,2556.62
128,"CD","Losses",0.6,1310.6
128,"CA","Losses",0.08,991.96
128,"CB","Losses",1,1311.16
128,"AD","Losses",1,844.24
128,"BD","Losses",0,1529.64
129,"AB","Gains",0.73,991.5
129,"CD","Gains",0.66,1424.28
129,"CA","Gains",0.36,893.52
129,"CB","Gains",0.76,905.88
129,"AD","Gains",0.72,865.68
129,"BD","Gains",0.48,1029.44
130,"AB","LossesEF",0.67,1000.27
130,"CD","LossesEF",0.78,1375.46
130,"CA","LossesEF",0.28,781.72
130,"CB","LossesEF",0.44,1029.04
130,"AD","LossesEF",0.88,797.36
130,"BD","LossesEF",0.6,1003.68
131,"AB","Gains",0.92,753.6
131,"CD","Gains",0.94,880.66
131,"CA","Gains",0.08,717.36
131,"CB","Gains",0.84,1279.72
131,"AD","Gains",1,852.8
131,"BD","Gains",0.36,1363.56
132,"AB","Losses",0.2,1344.66
132,"CD","Losses",0.84,1534.1
132,"CA","Losses",0.28,1372
132,"CB","Losses",0.44,1616.12
132,"AD","Losses",0.76,1893.32
132,"BD","Losses",0.72,1133.04
133,"AB","LossesEF",0.7,908.84
133,"CD","LossesEF",0.2,914.62
133,"CA","LossesEF",0.08,556.68
133,"CB","LossesEF",0.24,734.56
133,"AD","LossesEF",0.8,711.28
133,"BD","LossesEF",0.68,810.96
134,"AB","Gains",0.61,1453.01
134,"CD","Gains",0.78,1574.9
134,"CA","Gains",0.32,1702.36
134,"CB","Gains",0.68,2040.24
134,"AD","Gains",0.8,1828.28
134,"BD","Gains",0.32,2205.76
135,"AB","LossesEF",0.79,962.73
135,"CD","LossesEF",0.76,1202.08
135,"CA","LossesEF",0.88,1019.6
135,"CB","LossesEF",0.92,1036.6
135,"AD","LossesEF",0.84,1234.56
135,"BD","LossesEF",0.16,1273.32
136,"AB","Losses",0.59,1983.69
136,"CD","Losses",0.38,1954.28
136,"CA","Losses",0.28,2147.76
136,"CB","Losses",0.68,2240.28
136,"AD","Losses",0.4,2085.04
136,"BD","Losses",0.04,2486.64
137,"AB","LossesEF",0.83,847.24
137,"CD","LossesEF",0.72,962.96
137,"CA","LossesEF",0.4,754.96
137,"CB","LossesEF",0.8,853.68
137,"AD","LossesEF",1,780.28
137,"BD","LossesEF",0.68,1157.76
138,"AB","GainsEF",0.413333333333333,3326.33333333333
138,"CD","GainsEF",0.68,2867.98666666667
138,"CA","GainsEF",0.32,2313.24
138,"CB","GainsEF",0.4,2695.76
138,"AD","GainsEF",0.84,2355.88
138,"BD","GainsEF",0.68,3140.64
139,"AB","Gains",0.89,1108.22
139,"CD","Gains",0.9,1212.2
139,"CA","Gains",0,1115.16
139,"CB","Gains",0.96,1549.72
139,"AD","Gains",0.96,1323.92
139,"BD","Gains",0,1475.56
140,"AB","LossesEF",0.36,999.76
140,"CD","LossesEF",0.44,1183.84
140,"CA","LossesEF",0.6,1128.96
140,"CB","LossesEF",0.48,1287
140,"AD","LossesEF",0.4,1280.92
140,"BD","LossesEF",0.72,1248.24
141,"AB","GainsEF",0.453333333333333,1288.54666666667
141,"CD","GainsEF",0.466666666666667,1167.93333333333
141,"CA","GainsEF",0.4,2064.08
141,"CB","GainsEF",0.84,2441.04
141,"AD","GainsEF",0.68,1423.96
141,"BD","GainsEF",0.08,1317.64
142,"AB","GainsEF",0.866666666666667,866.16
142,"CD","GainsEF",0.84,885.04
142,"CA","GainsEF",0.32,907.72
142,"CB","GainsEF",1,983.4
142,"AD","GainsEF",0.88,1015.08
142,"BD","GainsEF",0,755.76
143,"AB","Losses",0.32,1640.48
143,"CD","Losses",0.68,1942.42
143,"CA","Losses",0.56,906.84
143,"CB","Losses",0.68,881.12
143,"AD","Losses",0.44,1058.96
143,"BD","Losses",0.44,1617.92
144,"AB","LossesEF",0.42,1171.99
144,"CD","LossesEF",0.4,896.6
144,"CA","LossesEF",0.52,731.32
144,"CB","LossesEF",0.4,650.92
144,"AD","LossesEF",0.28,812.72
144,"BD","LossesEF",0.6,639.88
145,"AB","Losses",0.34,2485.04
145,"CD","Losses",0.7,2219.74
145,"CA","Losses",0.76,1171.04
145,"CB","Losses",0.56,997.24
145,"AD","Losses",0.52,1301.04
145,"BD","Losses",0.84,1648.8
146,"AB","Gains",0.6,1271.96
146,"CD","Gains",0.6,1523.86
146,"CA","Gains",0.08,952.36
146,"CB","Gains",0.92,1900.04
146,"AD","Gains",1,1150.84
146,"BD","Gains",1,1565.8
147,"AB","Losses",0.33,1706.53
147,"CD","Losses",0.28,1941.16
147,"CA","Losses",0.08,3879.2
147,"CB","Losses",0.16,2241.72
147,"AD","Losses",0.72,2968.08
147,"BD","Losses",0.44,2335.88
148,"AB","Gains",0.74,1070.78
148,"CD","Gains",0.4,1370.02
148,"CA","Gains",0,1021.12
148,"CB","Gains",0.04,861.64
148,"AD","Gains",1,891.8
148,"BD","Gains",1,707.84
149,"AB","GainsEF",0.44,1024.97333333333
149,"CD","GainsEF",0.293333333333333,1280.61333333333
149,"CA","GainsEF",0.12,1345.96
149,"CB","GainsEF",1,1370.44
149,"AD","GainsEF",1,1251.04
149,"BD","GainsEF",0.72,1826.96
150,"AB","Losses",0.2,1792.27
150,"CD","Losses",0.86,1596.94
150,"CA","Losses",0.96,1032.84
150,"CB","Losses",0.96,1674.72
150,"AD","Losses",0.24,1578.68
150,"BD","Losses",0.16,1616.84
151,"AB","Gains",0.5,1240
151,"CD","Gains",0.78,1136.52
151,"CA","Gains",0.2,1245.64
151,"CB","Gains",0.16,1265
151,"AD","Gains",0.68,1228.6
151,"BD","Gains",0.4,1231.6
152,"AB","Losses",0.39,1067.86
152,"CD","Losses",0.66,1106.28
152,"CA","Losses",0.92,1118.36
152,"CB","Losses",0.84,1593.6
152,"AD","Losses",0.2,1240.04
152,"BD","Losses",0.76,941.36
153,"AB","LossesEF",0.61,1334.58
153,"CD","LossesEF",0.54,1376.26
153,"CA","LossesEF",0.32,1878.24
153,"CB","LossesEF",0.2,1297.64
153,"AD","LossesEF",0.52,1613.6
153,"BD","LossesEF",0.52,1394
154,"AB","Losses",0.37,914.79
154,"CD","Losses",0.52,1060.06
154,"CA","Losses",0.2,934.84
154,"CB","Losses",0.76,1096.72
154,"AD","Losses",0.84,974.52
154,"BD","Losses",0.28,1037.8
155,"AB","Losses",0.7,1386.41
155,"CD","Losses",0.6,2114.7
155,"CA","Losses",0,1114.92
155,"CB","Losses",0.8,1921.92
155,"AD","Losses",0.96,1296.68
155,"BD","Losses",0.24,2792.84
156,"AB","Gains",0.74,727.69
156,"CD","Gains",0.56,910.9
156,"CA","Gains",0.36,918.92
156,"CB","Gains",0.44,866.72
156,"AD","Gains",0.76,1092.72
156,"BD","Gains",0.84,809.36
157,"AB","LossesEF",0.51,1120.98
157,"CD","LossesEF",0.46,1257.76
157,"CA","LossesEF",0.08,754.28
157,"CB","LossesEF",0.2,1073.16
157,"AD","LossesEF",0.96,904.52
157,"BD","LossesEF",0.72,1095
158,"AB","GainsEF",0.466666666666667,1117.53333333333
158,"CD","GainsEF",0.506666666666667,1084.69333333333
158,"CA","GainsEF",0.24,948.36
158,"CB","GainsEF",0.12,954.36
158,"AD","GainsEF",0.24,1077.16
158,"BD","GainsEF",0.24,902.92
159,"AB","Gains",0.7,1107.95
159,"CD","Gains",0.78,1102.28
159,"CA","Gains",0,1351.16
159,"CB","Gains",1,1410.6
159,"AD","Gains",0.92,1101
159,"BD","Gains",0.04,1629.44
160,"AB","LossesEF",0.75,1325.8
160,"CD","LossesEF",0.32,1326.48
160,"CA","LossesEF",0.44,1541.28
160,"CB","LossesEF",0.48,1504.4
160,"AD","LossesEF",0.28,915.24
160,"BD","LossesEF",0.32,1106.92
161,"AB","Gains",0.71,866.2
161,"CD","Gains",0.64,943
161,"CA","Gains",0.76,1692.52
161,"CB","Gains",1,1183.2
161,"AD","Gains",0.64,1089.4
161,"BD","Gains",0.16,1764.32
162,"AB","Gains",0.49,1565.86
162,"CD","Gains",0.52,1583.44
162,"CA","Gains",0.08,1434.64
162,"CB","Gains",0.32,1362.76
162,"AD","Gains",0.76,1575.24
162,"BD","Gains",0.84,1371.36
163,"AB","LossesEF",0,878.08
163,"CD","LossesEF",0,1105.44
163,"CA","LossesEF",0,1226.04
163,"CB","LossesEF",0,779.16
163,"AD","LossesEF",0,1511.8
163,"BD","LossesEF",1,842.08
164,"AB","Losses",0.71,1417.06
164,"CD","Losses",0.66,1504.44
164,"CA","Losses",0.48,1294.48
164,"CB","Losses",0.56,1473.88
164,"AD","Losses",0.68,950.48
164,"BD","Losses",0.4,1323.36
165,"AB","Losses",0.72,1385.08
165,"CD","Losses",0.58,1518.84
165,"CA","Losses",0.08,1294.84
165,"CB","Losses",0.92,1471.68
165,"AD","Losses",0.92,1415.76
165,"BD","Losses",0,1609.12
166,"AB","Gains",0.74,1259.23
166,"CD","Gains",0.88,1226.24
166,"CA","Gains",1,1535.64
166,"CB","Gains",1,1398.68
166,"AD","Gains",0.76,2052.92
166,"BD","Gains",0,1664.2
167,"AB","Losses",0.7,1388.8
167,"CD","Losses",0.4,1403.24
167,"CA","Losses",0.8,1956.56
167,"CB","Losses",0.76,1962.8
167,"AD","Losses",0.88,1932.2
167,"BD","Losses",0.92,1501.2
168,"AB","LossesEF",0.61,1629.02
168,"CD","LossesEF",0.68,1746.98
168,"CA","LossesEF",0.28,772.6
168,"CB","LossesEF",0.76,846.96
168,"AD","LossesEF",0.96,629.28
168,"BD","LossesEF",0.48,1474.36
169,"AB","GainsEF",0.693333333333333,992.68
169,"CD","GainsEF",0.72,912.466666666667
169,"CA","GainsEF",0.04,1150.12
169,"CB","GainsEF",1,1312.36
169,"AD","GainsEF",0.96,1036.52
169,"BD","GainsEF",0.2,1234.8
170,"AB","Gains",0.7,1246.64
170,"CD","Gains",0.46,1137.8
170,"CA","Gains",0.24,2874.96
170,"CB","Gains",0.96,2868.8
170,"AD","Gains",1,2440.16
170,"BD","Gains",0.8,2885.2
171,"AB","LossesEF",0.45,1200.74
171,"CD","LossesEF",0.54,1220.76
171,"CA","LossesEF",0.32,1252.72
171,"CB","LossesEF",0.04,802.08
171,"AD","LossesEF",0.6,996.32
171,"BD","LossesEF",0.8,801.48
172,"AB","LossesEF",0.69,1010.61
172,"CD","LossesEF",0.26,1341.16
172,"CA","LossesEF",0,1311.68
172,"CB","LossesEF",0.2,2004.24
172,"AD","LossesEF",0.84,1820.08
172,"BD","LossesEF",0.12,1767.32
173,"AB","Losses",0.44,1628.44
173,"CD","Losses",0.32,1498.26
173,"CA","Losses",0.32,1626.92
173,"CB","Losses",0.92,2298.68
173,"AD","Losses",0.88,2212.44
173,"BD","Losses",0.08,2006.32
174,"AB","Gains",0.61,1257.69
174,"CD","Gains",0.48,1248.62
174,"CA","Gains",0.44,2222.64
174,"CB","Gains",0.72,1877.68
174,"AD","Gains",0.84,1323.56
174,"BD","Gains",0.64,1936.64
175,"AB","Losses",0.23,1214.31
175,"CD","Losses",0.18,1303.38
175,"CA","Losses",0.64,1850.96
175,"CB","Losses",0.8,1345.48
175,"AD","Losses",0.52,3236.4
175,"BD","Losses",0.56,1787
176,"AB","Losses",0.75,1299.85
176,"CD","Losses",0.74,1193.68
176,"CA","Losses",0,1131.16
176,"CB","Losses",0.92,1356.4
176,"AD","Losses",1,1005.36
176,"BD","Losses",1,1539.44
177,"AB","Losses",0.54,1872.73
177,"CD","Losses",0.58,1432.7
177,"CA","Losses",0.6,886.48
177,"CB","Losses",0.4,959.28
177,"AD","Losses",0.52,1628.12
177,"BD","Losses",0.36,916.16
178,"AB","LossesEF",0.56,1175.36
178,"CD","LossesEF",0.54,1405.24
178,"CA","LossesEF",0.68,1687.88
178,"CB","LossesEF",0.52,1663.8
178,"AD","LossesEF",0.56,1147.52
178,"BD","LossesEF",0.6,1613.44
179,"AB","LossesEF",0.49,1131.05
179,"CD","LossesEF",0.46,1143.36
179,"CA","LossesEF",0.28,749.56
179,"CB","LossesEF",0.48,753.6
179,"AD","LossesEF",0.64,763.32
179,"BD","LossesEF",0.52,857.96
180,"AB","Gains",0.48,1109.91
180,"CD","Gains",0.54,1432.6
180,"CA","Gains",0.4,1393.16
180,"CB","Gains",0.56,1781.2
180,"AD","Gains",0.64,1716.4
180,"BD","Gains",0.48,2031.16
181,"AB","GainsEF",0.293333333333333,1415.89333333333
181,"CD","GainsEF",0.973333333333333,2055.36
181,"CA","GainsEF",0.96,1502
181,"CB","GainsEF",1,1303.76
181,"AD","GainsEF",0.92,1952.48
181,"BD","GainsEF",0,1792.52
182,"AB","GainsEF",0.853333333333333,1095.28
182,"CD","GainsEF",0.893333333333333,1294.38666666667
182,"CA","GainsEF",0.56,863.84
182,"CB","GainsEF",0.92,1232.64
182,"AD","GainsEF",0.76,1083.36
182,"BD","GainsEF",0.52,1179.64
183,"AB","Losses",0.91,877.48
183,"CD","Losses",0.92,1201.9
183,"CA","Losses",0,866.08
183,"CB","Losses",1,1027.72
183,"AD","Losses",1,667.52
183,"BD","Losses",0,1192.64
184,"AB","Losses",0.29,1163.56
184,"CD","Losses",0.72,1822.44
184,"CA","Losses",0.08,919.72
184,"CB","Losses",1,1289.32
184,"AD","Losses",0.96,783.56
184,"BD","Losses",0,1098.32
185,"AB","GainsEF",0.493333333333333,1213.21333333333
185,"CD","GainsEF",0.493333333333333,1079.24
185,"CA","GainsEF",0.52,1130.44
185,"CB","GainsEF",0.52,906.16
185,"AD","GainsEF",0.6,859.28
185,"BD","GainsEF",0.48,962.28
186,"AB","LossesEF",0.61,1383.77
186,"CD","LossesEF",0.58,1472.74
186,"CA","LossesEF",0.68,2120.08
186,"CB","LossesEF",0.72,2033.2
186,"AD","LossesEF",0.96,1663.64
186,"BD","LossesEF",0.92,1438.88
187,"AB","LossesEF",0.45,1805.11
187,"CD","LossesEF",0.22,1822.96
187,"CA","LossesEF",0.24,2109.36
187,"CB","LossesEF",0.24,1692.56
187,"AD","LossesEF",0.52,1237.16
187,"BD","LossesEF",0.64,1166.92
188,"AB","GainsEF",0.546666666666667,1323.64
188,"CD","GainsEF",0.693333333333333,1030.74666666667
188,"CA","GainsEF",0.92,1171.72
188,"CB","GainsEF",1,1078.84
188,"AD","GainsEF",1,1535.6
188,"BD","GainsEF",0.16,1986.6
189,"AB","Gains",0.91,837.83
189,"CD","Gains",0.9,908.12
189,"CA","Gains",0.32,1335.52
189,"CB","Gains",1,962.36
189,"AD","Gains",1,1138.36
189,"BD","Gains",0.08,1632.88
190,"AB","Losses",0.36,1311.87
190,"CD","Losses",0.42,1042
190,"CA","Losses",0.88,1273.96
190,"CB","Losses",0.64,1307.64
190,"AD","Losses",0.56,1484.76
190,"BD","Losses",0.8,1051.68
191,"AB","GainsEF",0.933333333333333,1340.76
191,"CD","GainsEF",0.973333333333333,1053.37333333333
191,"CA","GainsEF",0.52,1282.4
191,"CB","GainsEF",0.44,1030.16
191,"AD","GainsEF",0.48,1036.88
191,"BD","GainsEF",0.36,907.64
192,"AB","GainsEF",0.8,1013.89333333333
192,"CD","GainsEF",0.746666666666667,1027.44
192,"CA","GainsEF",0.52,1125.68
192,"CB","GainsEF",0.92,1083.48
192,"AD","GainsEF",0.92,1120.52
192,"BD","GainsEF",0.6,1167.28
193,"AB","Gains",0.94,928.3
193,"CD","Gains",0.92,1029.84
193,"CA","Gains",0.4,1317.4
193,"CB","Gains",0.8,1036.68
193,"AD","Gains",1,790.04
193,"BD","Gains",0.92,1050
194,"AB","Gains",0.78,1270.83
194,"CD","Gains",0.8,1260.14
194,"CA","Gains",0.92,1308.2
194,"CB","Gains",0.96,1163.44
194,"AD","Gains",1,1324.6
194,"BD","Gains",0.96,1253.16
195,"AB","GainsEF",0.653333333333333,2118.25333333333
195,"CD","GainsEF",0.4,2726.44
195,"CA","GainsEF",0.24,2446.48
195,"CB","GainsEF",0.72,2231.72
195,"AD","GainsEF",0.72,1668.4
195,"BD","GainsEF",0.36,2616
196,"AB","LossesEF",0.5,1348.02
196,"CD","LossesEF",0.58,1530.86
196,"CA","LossesEF",0.52,2164.24
196,"CB","LossesEF",0.32,1719.76
196,"AD","LossesEF",0.56,1455.52
196,"BD","LossesEF",0.56,2090.28
197,"AB","Gains",0.66,1103.56
197,"CD","Gains",0.36,1217.7
197,"CA","Gains",0.24,1282.6
197,"CB","Gains",0.56,1228.48
197,"AD","Gains",0.64,1485.6
197,"BD","Gains",0.48,1615.44
198,"AB","GainsEF",0.72,1173.74666666667
198,"CD","GainsEF",0.626666666666667,1198.6
198,"CA","GainsEF",0.48,819.24
198,"CB","GainsEF",0.44,1046.8
198,"AD","GainsEF",0.68,772
198,"BD","GainsEF",0.44,1611.24
199,"AB","Gains",0.64,1382.28
199,"CD","Gains",0.86,1547.46
199,"CA","Gains",0.68,1117.96
199,"CB","Gains",0.84,1430.4
199,"AD","Gains",0.96,1154.28
199,"BD","Gains",0.96,1720.44
200,"AB","GainsEF",0.653333333333333,945.026666666667
200,"CD","GainsEF",0.64,962.293333333333
200,"CA","GainsEF",0.56,1807.28
200,"CB","GainsEF",0.96,1577.36
200,"AD","GainsEF",0.56,1321.08
200,"BD","GainsEF",0.16,2925.24
201,"AB","Losses",0.56,1568.35
201,"CD","Losses",0.7,1307.12
201,"CA","Losses",0.92,1124.96
201,"CB","Losses",0.96,1270.48
201,"AD","Losses",0.64,1653.48
201,"BD","Losses",0.72,1675.72
202,"AB","Losses",0.82,850.38
202,"CD","Losses",0.64,888.8
202,"CA","Losses",0.2,989.56
202,"CB","Losses",1,1134.28
202,"AD","Losses",1,714.52
202,"BD","Losses",0.52,1303.48
203,"AB","Gains",0.44,1127.44
203,"CD","Gains",0.66,1241.34
203,"CA","Gains",0.08,1434.92
203,"CB","Gains",0.92,1242.84
203,"AD","Gains",1,1335.32
203,"BD","Gains",0.68,1675.32
204,"AB","Losses",0.7,1488.34
204,"CD","Losses",0.46,1466.04
204,"CA","Losses",0.44,2177.84
204,"CB","Losses",0.6,3010.2
204,"AD","Losses",0.48,1593
204,"BD","Losses",0.44,2673.64
205,"AB","Gains",0.52,1221.82
205,"CD","Gains",0.66,1292.4
205,"CA","Gains",0.8,1205.4
205,"CB","Gains",0.36,1409.96
205,"AD","Gains",0.72,2785.16
205,"BD","Gains",0.44,1802.16
206,"AB","GainsEF",0.933333333333333,1011.68
206,"CD","GainsEF",0.88,1144.42666666667
206,"CA","GainsEF",0.84,1306.28
206,"CB","GainsEF",0.92,2026.72
206,"AD","GainsEF",0.6,1783.68
206,"BD","GainsEF",0.08,1501.76
207,"AB","LossesEF",0.94,1234.46
207,"CD","LossesEF",0.8,1421.58
207,"CA","LossesEF",0,1092.84
207,"CB","LossesEF",1,1162.76
207,"AD","LossesEF",1,1001.32
207,"BD","LossesEF",0,1965.32
208,"AB","LossesEF",0.45,1687.1
208,"CD","LossesEF",0.7,1598.62
208,"CA","LossesEF",1,1193.08
208,"CB","LossesEF",1,2071.64
208,"AD","LossesEF",0,1339.32
208,"BD","LossesEF",1,1353.16
209,"AB","LossesEF",0.54,973.49
209,"CD","LossesEF",0.44,908.52
209,"CA","LossesEF",0.24,926.92
209,"CB","LossesEF",0.28,975.28
209,"AD","LossesEF",0.76,808.96
209,"BD","LossesEF",0.72,969.92
210,"AB","Losses",0.89,1653.98
210,"CD","Losses",0.26,1570.64
210,"CA","Losses",0,1447.56
210,"CB","Losses",0.68,2458.12
210,"AD","Losses",0.92,1765.04
210,"BD","Losses",0,1825.64
211,"AB","Losses",0.51,1477.08
211,"CD","Losses",0.54,1693.94
211,"CA","Losses",0.44,1926
211,"CB","Losses",0.4,1583.36
211,"AD","Losses",0.64,1636.4
211,"BD","Losses",0.6,1579.8
212,"AB","Gains",0.47,1047.33
212,"CD","Gains",0.36,1352.18
212,"CA","Gains",0.48,1099.16
212,"CB","Gains",0.84,1383.12
212,"AD","Gains",0.84,1074.32
212,"BD","Gains",0.44,1097.28
213,"AB","Losses",0.5,1149.29
213,"CD","Losses",0.58,1325.48
213,"CA","Losses",0.08,1215.96
213,"CB","Losses",0.4,1268.64
213,"AD","Losses",0.8,1187.52
213,"BD","Losses",0.6,1217.48
214,"AB","Gains",0.34,1104
214,"CD","Gains",0.5,1318.06
214,"CA","Gains",1,1329.68
214,"CB","Gains",1,1570.08
214,"AD","Gains",0.92,2293.68
214,"BD","Gains",0,2729.16
215,"AB","LossesEF",0.37,1141.12
215,"CD","LossesEF",0.48,1267.82
215,"CA","LossesEF",0.52,1372
215,"CB","LossesEF",0.68,1707.04
215,"AD","LossesEF",0.56,1476.16
215,"BD","LossesEF",0.4,1112.84
216,"AB","Gains",0.45,1302.33
216,"CD","Gains",0.72,1429.78
216,"CA","Gains",1,1330.04
216,"CB","Gains",0,1306.48
216,"AD","Gains",0,1465.96
216,"BD","Gains",0.96,1276.36
217,"AB","Losses",0.46,1540.03
217,"CD","Losses",0.64,1765.42
217,"CA","Losses",0.96,1438.48
217,"CB","Losses",0.96,1547.36
217,"AD","Losses",0.76,2109.12
217,"BD","Losses",0,1788.84
218,"AB","Gains",0.55,1489.38
218,"CD","Gains",0.72,1337.8
218,"CA","Gains",0.44,1025.24
218,"CB","Gains",0.28,948.48
218,"AD","Gains",0.72,1142.92
218,"BD","Gains",0.76,1229.76
219,"AB","Gains",0.58,1713.1
219,"CD","Gains",0.5,1896.44
219,"CA","Gains",0.52,1488.44
219,"CB","Gains",0.52,1270.4
219,"AD","Gains",0.48,1490.96
219,"BD","Gains",0.48,1408.84
220,"AB","Losses",0.77,1143.98
220,"CD","Losses",0.76,1463.72
220,"CA","Losses",0,1536.88
220,"CB","Losses",0.88,1628.68
220,"AD","Losses",1,1628.88
220,"BD","Losses",0,1790
221,"AB","Losses",0.8,1034.06
221,"CD","Losses",0.76,1494.56
221,"CA","Losses",0,1118.88
221,"CB","Losses",0.88,1306.44
221,"AD","Losses",1,1000.8
221,"BD","Losses",1,1367.88
222,"AB","Losses",0.7,1130.3
222,"CD","Losses",0.82,1854.42
222,"CA","Losses",0.04,1449.16
222,"CB","Losses",1,1018.44
222,"AD","Losses",0.92,1044.56
222,"BD","Losses",0,1562
223,"AB","Losses",0.58,1244.56
223,"CD","Losses",0.44,1325.48
223,"CA","Losses",0.36,1506.16
223,"CB","Losses",0.64,1395.16
223,"AD","Losses",0.4,1416.16
223,"BD","Losses",0.56,1296.48
224,"AB","GainsEF",0.493333333333333,1452.90666666667
224,"CD","GainsEF",0.48,2095.85333333333
224,"CA","GainsEF",0.08,2049.4
224,"CB","GainsEF",0.2,1997.84
224,"AD","GainsEF",0.44,1205.08
224,"BD","GainsEF",0.68,1352.44
225,"AB","Losses",0.49,1160.31
225,"CD","Losses",0.66,1248.46
225,"CA","Losses",0.44,939.16
225,"CB","Losses",0.56,795.24
225,"AD","Losses",0.88,947.56
225,"BD","Losses",0.96,911.12
226,"AB","GainsEF",0.853333333333333,1092.10666666667
226,"CD","GainsEF",0.12,1059.54666666667
226,"CA","GainsEF",0.8,843.32
226,"CB","GainsEF",0.88,993
226,"AD","GainsEF",0.04,874.64
226,"BD","GainsEF",0.08,1176.84
227,"AB","Gains",0.89,988.4
227,"CD","Gains",0.88,1188.96
227,"CA","Gains",0.16,1387.6
227,"CB","Gains",1,1612.56
227,"AD","Gains",1,1120.64
227,"BD","Gains",0.16,1833.4
228,"AB","LossesEF",0.23,965.05
228,"CD","LossesEF",0.76,1088.2
228,"CA","LossesEF",0.68,644.76
228,"CB","LossesEF",0.6,684.6
228,"AD","LossesEF",0.36,853.88
228,"BD","LossesEF",0.36,850.64
229,"AB","GainsEF",0.666666666666667,1090.6
229,"CD","GainsEF",0.92,1029.86666666667
229,"CA","GainsEF",1,829
229,"CB","GainsEF",1,874
229,"AD","GainsEF",0.96,986.16
229,"BD","GainsEF",1,1279.44
230,"AB","Losses",0.38,1071.53
230,"CD","Losses",0.48,1995.42
230,"CA","Losses",0.2,881.4
230,"CB","Losses",0.48,1762
230,"AD","Losses",0.68,852.12
230,"BD","Losses",0.4,923.2
231,"AB","LossesEF",0.65,2673.98
231,"CD","LossesEF",0.62,2501.36
231,"CA","LossesEF",0.52,4905.08
231,"CB","LossesEF",0.72,2230.24
231,"AD","LossesEF",0.6,2747
231,"BD","LossesEF",0.28,3067.76
232,"AB","GainsEF",0.76,1086.93333333333
232,"CD","GainsEF",0.72,1207.94666666667
232,"CA","GainsEF",1,2088.92
232,"CB","GainsEF",0.96,1084.88
232,"AD","GainsEF",1,1855.48
232,"BD","GainsEF",1,2075.56
233,"AB","GainsEF",0.866666666666667,1041.41333333333
233,"CD","GainsEF",0.906666666666667,1000.42666666667
233,"CA","GainsEF",0,1238.48
233,"CB","GainsEF",0.92,1136.12
233,"AD","GainsEF",1,988.84
233,"BD","GainsEF",0.96,1411.72
234,"AB","GainsEF",0.773333333333333,1353.37333333333
234,"CD","GainsEF",0.906666666666667,1176.41333333333
234,"CA","GainsEF",0.96,2269.24
234,"CB","GainsEF",0.6,1103.36
234,"AD","GainsEF",0,3410.2
234,"BD","GainsEF",0.2,854.32
235,"AB","GainsEF",0.613333333333333,1137.05333333333
235,"CD","GainsEF",0.613333333333333,1274.25333333333
235,"CA","GainsEF",0.92,1239.76
235,"CB","GainsEF",1,1143.44
235,"AD","GainsEF",0.96,1382.48
235,"BD","GainsEF",0.96,2457.6
236,"AB","LossesEF",0.77,1119.33
236,"CD","LossesEF",0.68,1459.62
236,"CA","LossesEF",0.52,2035.76
236,"CB","LossesEF",0.96,1898.8
236,"AD","LossesEF",0.84,1399.56
236,"BD","LossesEF",0.32,1896.48
237,"AB","GainsEF",0.893333333333333,899.28
237,"CD","GainsEF",0.613333333333333,998.68
237,"CA","GainsEF",0.08,1151.48
237,"CB","GainsEF",1,1360.88
237,"AD","GainsEF",1,1234.2
237,"BD","GainsEF",0,1344.68
238,"AB","Gains",0.7,998.72
238,"CD","Gains",0.72,1576.14
238,"CA","Gains",0.28,1012.24
238,"CB","Gains",0.6,1253.12
238,"AD","Gains",0.96,989.36
238,"BD","Gains",1,1090.16
239,"AB","Losses",0.46,1844.18
239,"CD","Losses",0.58,3894.82
239,"CA","Losses",0.48,2462.04
239,"CB","Losses",0.2,1799.8
239,"AD","Losses",0.12,2579.76
239,"BD","Losses",0.8,2049.56
240,"AB","GainsEF",0.466666666666667,1452.41333333333
240,"CD","GainsEF",0.613333333333333,1048.54666666667
240,"CA","GainsEF",0.52,1105.48
240,"CB","GainsEF",0.68,1511.24
240,"AD","GainsEF",0.68,1074.04
240,"BD","GainsEF",0.4,1114.6
241,"AB","LossesEF",0.82,1203.38
241,"CD","LossesEF",0.88,1370.88
241,"CA","LossesEF",0.64,1160.2
241,"CB","LossesEF",0.8,801.64
241,"AD","LossesEF",0.8,1099.6
241,"BD","LossesEF",0.8,925.48
242,"AB","Gains",0.89,802.04
242,"CD","Gains",0.82,1065.42
242,"CA","Gains",0.44,1048.32
242,"CB","Gains",1,993.96
242,"AD","Gains",0.92,991.72
242,"BD","Gains",0.04,2188.92
243,"AB","LossesEF",0.61,2549.54
243,"CD","LossesEF",0.66,4022.28
243,"CA","LossesEF",0.04,1417.28
243,"CB","LossesEF",0.92,1817.44
243,"AD","LossesEF",1,1699.28
243,"BD","LossesEF",1,1845
244,"AB","Losses",0.25,826.27
244,"CD","Losses",0.3,1130.54
244,"CA","Losses",1,1215.2
244,"CB","Losses",0.04,924.8
244,"AD","Losses",0,1105.6
244,"BD","Losses",0.8,899.52
245,"AB","LossesEF",0.68,1215.43
245,"CD","LossesEF",0.72,997.7
245,"CA","LossesEF",0.68,1537.68
245,"CB","LossesEF",0.68,1399.04
245,"AD","LossesEF",1,980.04
245,"BD","LossesEF",1,1271.6
246,"AB","Losses",0.48,1614.53
246,"CD","Losses",0.5,1763.94
246,"CA","Losses",0.76,1448.84
246,"CB","Losses",0.84,1455.52
246,"AD","Losses",0.48,1496.48
246,"BD","Losses",0.52,1078.28
247,"AB","GainsEF",0.84,1662.98666666667
247,"CD","GainsEF",0.84,1827.22666666667
247,"CA","GainsEF",0.44,1548.92
247,"CB","GainsEF",0.76,1997.68
247,"AD","GainsEF",0.88,1536.6
247,"BD","GainsEF",0.92,1842.6
248,"AB","Losses",0.34,993.65
248,"CD","Losses",0.7,799.48
248,"CA","Losses",0.4,867
248,"CB","Losses",0.16,815.44
248,"AD","Losses",0.52,868.72
248,"BD","Losses",1,770.48
249,"AB","LossesEF",0.56,1137.77
249,"CD","LossesEF",0.52,1401.96
249,"CA","LossesEF",1,1198.28
249,"CB","LossesEF",0.84,1354.96
249,"AD","LossesEF",0.04,1494.24
249,"BD","LossesEF",0.28,1164.92
250,"AB","Gains",0.78,1122.34
250,"CD","Gains",0.86,1175.82
250,"CA","Gains",0.4,1608.88
250,"CB","Gains",0.92,1381.4
250,"AD","Gains",1,1354.52
250,"BD","Gains",0.28,1954.36
251,"AB","GainsEF",0.84,1118.22666666667
251,"CD","GainsEF",0.906666666666667,946.973333333333
251,"CA","GainsEF",0.04,1468.24
251,"CB","GainsEF",0,997.68
251,"AD","GainsEF",1,1807.52
251,"BD","GainsEF",0.96,1444.12
252,"AB","Losses",0.09,1329.19
252,"CD","Losses",0,1409.7
252,"CA","Losses",0,939.6
252,"CB","Losses",0,1086.2
252,"AD","Losses",0.04,788.2
252,"BD","Losses",0,678.68
253,"AB","LossesEF",0.93,973.93
253,"CD","LossesEF",0.92,1308.98
253,"CA","LossesEF",0.96,916.92
253,"CB","LossesEF",1,959.84
253,"AD","LossesEF",0.68,1283.28
253,"BD","LossesEF",0.56,1422.12
254,"AB","LossesEF",0.53,934.56
254,"CD","LossesEF",0.38,834.44
254,"CA","LossesEF",0.12,822.68
254,"CB","LossesEF",0,714.56
254,"AD","LossesEF",0.96,817.6
254,"BD","LossesEF",0.96,1215.84
255,"AB","Losses",0.28,1034.51
255,"CD","Losses",0.4,1389.08
255,"CA","Losses",0.48,1646.24
255,"CB","Losses",0.92,1337.88
255,"AD","Losses",0.48,1060.84
255,"BD","Losses",0.2,1074
256,"AB","LossesEF",0.56,1180.53
256,"CD","LossesEF",0.58,1293.54
256,"CA","LossesEF",0.4,1295.52
256,"CB","LossesEF",0.88,1042.4
256,"AD","LossesEF",0.88,1129.16
256,"BD","LossesEF",0.72,1250.84
257,"AB","GainsEF",0.733333333333333,925.04
257,"CD","GainsEF",0.746666666666667,878.2
257,"CA","GainsEF",0.32,1014.24
257,"CB","GainsEF",0.96,917.12
257,"AD","GainsEF",1,939.84
257,"BD","GainsEF",0,1078.44
258,"AB","GainsEF",0.48,1872.82666666667
258,"CD","GainsEF",0.546666666666667,1875.21333333333
258,"CA","GainsEF",0.64,1089.48
258,"CB","GainsEF",0.76,1694.16
258,"AD","GainsEF",0.76,1995.8
258,"BD","GainsEF",0.56,1506.36
259,"AB","GainsEF",0.68,1059.38666666667
259,"CD","GainsEF",0.826666666666667,1059.29333333333
259,"CA","GainsEF",0.48,807.16
259,"CB","GainsEF",0.64,792.6
259,"AD","GainsEF",0.6,935.56
259,"BD","GainsEF",0.48,1035.36
260,"AB","GainsEF",0.213333333333333,1572.05333333333
260,"CD","GainsEF",0.72,990.613333333333
260,"CA","GainsEF",0.36,1580.76
260,"CB","GainsEF",0.08,1014
260,"AD","GainsEF",0.88,1246.2
260,"BD","GainsEF",1,1107.12
261,"AB","Gains",0.47,1713.65
261,"CD","Gains",0.28,1697.14
261,"CA","Gains",0.24,2180.76
261,"CB","Gains",0.24,1866.64
261,"AD","Gains",0.64,1510
261,"BD","Gains",0.88,1411.08
262,"AB","LossesEF",0.42,1209.98
262,"CD","LossesEF",0.32,1976.42
262,"CA","LossesEF",0.56,1432.8
262,"CB","LossesEF",0.4,1734.32
262,"AD","LossesEF",0.6,1379.28
262,"BD","LossesEF",0.52,1184.48
263,"AB","LossesEF",0.96,1073.15
263,"CD","LossesEF",0.86,1244.48
263,"CA","LossesEF",0.04,1818.28
263,"CB","LossesEF",0.92,1995.76
263,"AD","LossesEF",1,1826.8
263,"BD","LossesEF",0.96,1957.28
264,"AB","LossesEF",0.6,1097.2
264,"CD","LossesEF",0.54,1367.14
264,"CA","LossesEF",0.16,1189.16
264,"CB","LossesEF",0.36,1270.56
264,"AD","LossesEF",0.84,1156.76
264,"BD","LossesEF",0.4,1413.4
265,"AB","Losses",0.87,952.86
265,"CD","Losses",0.92,1138.34
265,"CA","Losses",0.96,1017.68
265,"CB","Losses",1,877.48
265,"AD","Losses",1,1329.52
265,"BD","Losses",1,1411.28
266,"AB","Gains",0.72,1301.22
266,"CD","Gains",0.42,1580.16
266,"CA","Gains",0.52,1573.52
266,"CB","Gains",0.64,887.8
266,"AD","Gains",0.44,1037.72
266,"BD","Gains",0.48,1540.16
267,"AB","Losses",0.66,1248.12
267,"CD","Losses",0.78,1757.34
267,"CA","Losses",0.96,1127.6
267,"CB","Losses",1,1003.72
267,"AD","Losses",0.96,881
267,"BD","Losses",1,897.24
